{
  "browsers": ["ie >= 10"],
  "components": {
    "attributes": false,
    "css": false,
    "data": false,
    "dimensions": false,
    "events": false,
    "forms": false,
    "manipulation/remove": false,
    "manipulation/replace_all": false,
    "manipulation/replace_with": false,
    "offset": false
  },
  "paths": {
    "tokens": {
      "bundle": "cash"
    },
    "output": {
      "javascript": {
        "unminified": "[dist]/[bundle].js",
        "minified": "[dist]/[bundle].min.js"
      }
    }
  }
}
